{"cameraMode":{"drawMode":0,"name":"Shaded","section":"Shading Mode"},"sceneLighting":true,"audioPlay":false,"sceneViewState":{"showFog":true,"showMaterialUpdate":true,"showSkybox":true,"showFlares":true,"showImageEffects":true,"showParticleSystems":true},"in2DMode":false,"pivot":{"x":-23.705556869506837,"y":12.324509620666504,"z":-4.190094947814941},"rotation":{"x":-0.4162266254425049,"y":-0.018781542778015138,"z":0.008705376647412777,"w":-0.9092174768447876},"size":4.041658401489258,"orthographic":false}